nTracks,time,time_low_error,time_high_error
5,25.4948,18.071,18.071
10,16.598,0.633048,0.633048
50,15.5529,1.96214,1.96214
100,17.4617,2.02472,2.02472
500,31.4198,21.1257,21.1257
1000,30.322,1.31033,1.31033
5000,85.4626,6.26511,6.26511
10000,152.294,9.26953,9.26953
50000,643.402,20.5071,20.5071
100000,1257.74,22.131,22.131
