nTracks,time,time_low_error,time_high_error
5,28.0117,10.6961,10.6961
10,23.067,4.12362,4.12362
50,21.0837,0.312078,0.312078
100,24.0121,0.38298,0.38298
500,35.4146,7.47981,7.47981
1000,38.0242,11.7478,11.7478
5000,64.3512,2.11875,2.11875
10000,101.18,4.36661,4.36661
50000,394.123,7.91984,7.91984
100000,733.231,2.974,2.974
