nTracks,time,time_low_error,time_high_error
5,18.8725,0.781377,0.781377
10,21.4041,1.93913,1.93913
50,32.8262,10.0287,10.0287
100,26.7521,0.531522,0.531522
500,45.3285,20.078,20.078
1000,39.9556,1.06989,1.06989
5000,69.3897,3.64529,3.64529
10000,99.4852,2.53979,2.53979
50000,336.328,13.3609,13.3609
100000,643.16,15.8447,15.8447
