nTracks,time,time_low_error,time_high_error
5,54.4631,0.361987,0.361987
10,49.6408,13.6413,13.6413
50,53.6649,15.7534,15.7534
100,63.9589,2.01962,2.01962
500,72.2773,2.63616,2.63616
1000,72.6436,2.64403,2.64403
5000,100.865,1.27371,1.27371
10000,121.955,14.1864,14.1864
50000,376.197,1.84752,1.84752
100000,670.899,16.9699,16.9699
