nTracks,time,time_low_error,time_high_error
5,32.5845,9.73766,9.73766
10,30.0187,9.66403,9.66403
50,37.5753,0.849389,0.849389
100,39.1305,1.63366,1.63366
500,44.7905,0.916116,0.916116
1000,50.2451,9.94616,9.94616
5000,115.449,11.512,11.512
10000,198.771,5.84424,5.84424
50000,798.992,1.57842,1.57842
100000,1558.47,6.73634,6.73634
