nTracks,time,time_low_error,time_high_error
5,47.5351,1.53878,1.53878
10,47.1934,0.748926,0.748926
50,46.864,3.98512,3.98512
100,52.9684,1.02104,1.02104
500,52.7076,9.86392,9.86392
1000,60.4772,1.85242,1.85242
5000,99.1212,2.98555,2.98555
10000,135.997,0.735445,0.735445
50000,423.66,6.84393,6.84393
100000,756.619,3.03848,3.03848
