nTracks,time,time_low_error,time_high_error
5,50.1459,0.440616,0.440616
10,50.7416,0.428547,0.428547
50,43.6795,15.8166,15.8166
100,53.4491,3.1466,3.1466
500,60.0357,3.1417,3.1417
1000,64.2935,2.97938,2.97938
5000,123.924,4.06266,4.06266
10000,190.161,4.20487,4.20487
50000,714.425,2.39159,2.39159
100000,1368.67,1.32863,1.32863
