nTracks,time,time_low_error,time_high_error
5,36.4591,9.64502,9.64502
10,29.6942,12.9584,12.9584
50,39.3981,11.8576,11.8576
100,49.0153,0.501,0.501
500,44.1778,11.27,11.27
1000,46.1436,12.174,12.174
5000,68.5769,13.0343,13.0343
10000,97.1669,10.9209,10.9209
50000,342.793,8.91714,8.91714
100000,536.095,13.3632,13.3632
