nTracks,time,time_low_error,time_high_error
5,14.8405,0.653074,0.653074
10,15.9598,1.10604,1.10604
50,18.1175,1.53693,1.53693
100,21.8797,0.82554,0.82554
500,26.5331,2.59756,2.59756
1000,36.7889,15.3599,15.3599
5000,54.7813,18.0254,18.0254
10000,69.0357,2.01366,2.01366
50000,212.745,9.66109,9.66109
100000,381.037,12.2158,12.2158
