nTracks,time,time_low_error,time_high_error
5,3.4154,0.770055,0.770055
10,6.61549,0.301737,0.301737
50,32.9173,0.394704,0.394704
100,59.8032,3.70163,3.70163
500,312.613,12.3286,12.3286
1000,598.544,47.8944,47.8944
5000,3220.1,164.988,164.988
10000,6574.07,243.76,243.76
50000,33413.3,420.151,420.151
100000,62328.4,3002.03,3002.03
