nTracks,time,time_low_error,time_high_error
5,33.2875,17.151,17.151
10,29.4676,20.0473,20.0473
50,44.7424,15.6514,15.6514
100,44.5277,15.7092,15.7092
500,46.6803,15.5529,15.5529
1000,56.0166,5.15638,5.15638
5000,98.7891,1.58006,1.58006
10000,143.118,18.8348,18.8348
50000,515.265,2.68892,2.68892
100000,845.217,27.6924,27.6924
