nTracks,time,time_low_error,time_high_error
5,37.2833,0.934191,0.934191
10,29.6535,10.1422,10.1422
50,24.9858,10.3684,10.3684
100,37.9231,1.34475,1.34475
500,37.2746,10.1128,10.1128
1000,43.7942,9.99539,9.99539
5000,91.4398,2.61143,2.61143
10000,119.908,5.28521,5.28521
50000,554.691,0.791869,0.791869
100000,950.102,16.8356,16.8356
