nTracks,time,time_low_error,time_high_error
5,30.8513,18.5466,18.5466
10,39.2946,18.6452,18.6452
50,31.4883,15.4399,15.4399
100,41.444,18.3545,18.3545
500,51.6831,18.332,18.332
1000,68.9533,1.00157,1.00157
5000,84.2729,15.3386,15.3386
10000,115.586,2.46042,2.46042
50000,270.918,17.8383,17.8383
100000,425.368,25.6806,25.6806
